[
  {
    "id": "d213c4ca-e744-4946-a581-2e607ef0bc18",
    "data": [
      {
        "text": "harsha",
        "meta": "@sys.person",
        "alias": "person",
        "userDefined": true
      }
    ],
    "isTemplate": false,
    "count": 0,
    "lang": "en",
    "updated": 0
  },
  {
    "id": "4aa923f9-d155-4ebb-b301-bdcc4c93f7f8",
    "data": [
      {
        "text": "sainath",
        "meta": "@sys.person",
        "alias": "person",
        "userDefined": true
      }
    ],
    "isTemplate": false,
    "count": 0,
    "lang": "en",
    "updated": 0
  },
  {
    "id": "f0b31d3a-b337-44a8-97a7-420714ebc854",
    "data": [
      {
        "text": "rahul",
        "meta": "@sys.person",
        "alias": "person",
        "userDefined": true
      }
    ],
    "isTemplate": false,
    "count": 0,
    "lang": "en",
    "updated": 0
  },
  {
    "id": "a286c61d-ff38-47c0-a54a-13ed915c453b",
    "data": [
      {
        "text": "Hey, I\u0027m ",
        "userDefined": false
      },
      {
        "text": "sreeja",
        "meta": "@sys.person",
        "alias": "person",
        "userDefined": true
      }
    ],
    "isTemplate": false,
    "count": 0,
    "lang": "en",
    "updated": 0
  },
  {
    "id": "ea4e2dc7-fe81-4a59-8a64-187a1fdedeb1",
    "data": [
      {
        "text": "You can call me ",
        "userDefined": false
      },
      {
        "text": "sindhu",
        "meta": "@sys.person",
        "alias": "person",
        "userDefined": true
      }
    ],
    "isTemplate": false,
    "count": 0,
    "lang": "en",
    "updated": 0
  },
  {
    "id": "517f2eaf-23f1-4484-aca8-71550b2efa67",
    "data": [
      {
        "text": "I\u0027m ",
        "userDefined": false
      },
      {
        "text": "John",
        "meta": "@sys.person",
        "alias": "person",
        "userDefined": true
      }
    ],
    "isTemplate": false,
    "count": 0,
    "lang": "en",
    "updated": 0
  },
  {
    "id": "ac19ad00-540d-4ecb-afc1-2a41b86b37d7",
    "data": [
      {
        "text": "Call me ",
        "userDefined": false
      },
      {
        "text": "Alex",
        "meta": "@sys.person",
        "alias": "person",
        "userDefined": true
      }
    ],
    "isTemplate": false,
    "count": 0,
    "lang": "en",
    "updated": 0
  },
  {
    "id": "922f70db-686e-4189-a9a4-41f02a3b016c",
    "data": [
      {
        "text": "this is ",
        "userDefined": false
      },
      {
        "text": "fazal",
        "meta": "@sys.person",
        "alias": "person",
        "userDefined": true
      }
    ],
    "isTemplate": false,
    "count": 0,
    "lang": "en",
    "updated": 0
  },
  {
    "id": "665dcf3f-abfd-4496-9642-01d9421dc610",
    "data": [
      {
        "text": "iam ravi",
        "meta": "@sys.person",
        "alias": "person",
        "userDefined": false
      }
    ],
    "isTemplate": false,
    "count": 1,
    "lang": "en",
    "updated": 0
  },
  {
    "id": "dce6810c-22bd-40a5-bf7f-95f53095353b",
    "data": [
      {
        "text": "hey my name is ",
        "userDefined": false
      },
      {
        "text": "upender",
        "meta": "@sys.person",
        "alias": "person",
        "userDefined": false
      }
    ],
    "isTemplate": false,
    "count": 0,
    "lang": "en",
    "updated": 0
  }
]