[
  {
    "id": "5a32ef38-3e78-4ba2-a6c3-36359504a1d9",
    "data": [
      {
        "text": "yup",
        "userDefined": false
      }
    ],
    "isTemplate": false,
    "count": 0,
    "lang": "en",
    "updated": 0
  },
  {
    "id": "d36d0443-aeb8-4b41-aeca-a4f9b60d8ce3",
    "data": [
      {
        "text": "begain",
        "userDefined": false
      }
    ],
    "isTemplate": false,
    "count": 0,
    "lang": "en",
    "updated": 0
  },
  {
    "id": "76c86c72-3fd3-47ba-856f-a43296b54262",
    "data": [
      {
        "text": "lets start",
        "userDefined": false
      }
    ],
    "isTemplate": false,
    "count": 0,
    "lang": "en",
    "updated": 0
  },
  {
    "id": "4048024c-1ea7-4c14-b441-c180a5096d23",
    "data": [
      {
        "text": "no",
        "userDefined": false
      }
    ],
    "isTemplate": false,
    "count": 0,
    "lang": "en",
    "updated": 0
  },
  {
    "id": "c96d5430-7e57-4477-8633-a655fa924b86",
    "data": [
      {
        "text": "iam ready",
        "userDefined": false
      }
    ],
    "isTemplate": false,
    "count": 0,
    "lang": "en",
    "updated": 0
  },
  {
    "id": "ac914d92-ff87-4757-876e-757a50bccfec",
    "data": [
      {
        "text": "yes",
        "userDefined": false
      }
    ],
    "isTemplate": false,
    "count": 0,
    "lang": "en",
    "updated": 0
  }
]